Feature,key1,key2
apiVersion,apiVersion,-
VERSION_v1,v1,-
VERSION_v1beta1,v1beta1,-
VERSION_v1beta3,v1beta3,-
VERSION_v1alpha1,v1alpha1,-
VERSION_v1alpha2,v1alpha2,-
VERSION_v2,v2,-
GROUP_admissionregistration,admissionregistration.k8s.io,-
GROUP_apiextensions,apiextensions.k8s.io,-
GROUP_apiregistration,apiregistration.k8s.io,-
GROUP_apps,apps,-
GROUP_authentication,authentication.k8s.io,-
GROUP_authorization,authorization.k8s.io,-
GROUP_autoscaling,autoscaling,-
GROUP_batch,batch,-
GROUP_certificates,certificates.k8s.io,-
GROUP_coordination,coordination.k8s.io,-
GROUP_core,core,-
GROUP_discovery,discovery.k8s.io,-
GROUP_events,events.k8s.io,-
GROUP_flowcontrol,flowcontrol.apiserver.k8s.io,-
GROUP_internal,internal.apiserver.k8s.io,-
GROUP_networking,networking.k8s.io,-
GROUP_node,node.k8s.io,-
GROUP_policy,policy,-
GROUP_rbac,rbac.authorization.k8s.io,-
GROUP_resource,resource.k8s.io,-
GROUP_scheduling,scheduling.k8s.io,-
GROUP_storage,storagemigration.k8s.io,-
kind,kind,-
KIND_Container,Container,-
KIND_CronJob,CronJob,-
KIND_DaemonSet,DaemonSet,-
KIND_Deployment,Deployment,-
KIND_Job,Job,-
KIND_Pod,Pod,-
KIND_ReplicaSet,ReplicaSet,-
KIND_ReplicationController,ReplicationController,-
KIND_StatefullSet,StatefullSet,-
KIND_Endpoints,Endpoints,-
KIND_EndpintSlice,EndpintSlice,-
KIND_Ingress,Ingress,-
KIND_IngressClass,IngressClass,-
KIND_Service,Service,-
KIND_ConfigMap,ConfigMap,-
KIND_CSIDriver,CSIDriver,-
KIND_CSINode,CSINode,-
KIND_Secret,Secret,-
KIND_PersistentVolumeClaim,PersistentVolumeClaim,-
KIND_StorageClass,StorageClass,-
KIND_CSIStorageCapacity,CSIStorageCapacity,-
KIND_Volume,Volume,-
KIND_VolumeAttachment,VolumeAttachment,-
KIND_VolumeAttributesClass,VolumeAttributesClass,-
KIND_ClusterTrustBundle,ClusterTrustBundle,-
KIND_ControllerRevision,ControllerRevision,-
KIND_CustomerResourceDefinition,CustomerResourceDefinition,-
KIND_Event,Event,-
KIND_LimitRange,LimitRange,-
KIND_HorizontalPodAutoscaler,HorizontalPodAutoscaler,-
KIND_MutatingWebhookConfiguration,MutatingWebhookConfiguration,-
KIND_ValidatingWebhookConfiguration,ValidatingWebhookConfiguration,-
KIND_PodSchedulingContext,PodSchedulingContext,-
KIND_PodTemplate,PodTemplate,-
KIND_PodDisruptionBudget,PodDisruptionBudget,-
KIND_PriorityClass,PriorityClass,-
KIND_ResourceClaim,ResourceClaim,-
KIND_ResourceClaimTemplate,ResourceClaimTemplate,-
KIND_ResourceClass,ResourceClass,-
KIND_ValidatingAdmissionPolicy,ValidatingAdmissionPolicy,-
KIND_ValidatingAdmissionPolicyBinding,ValidatingAdmissionPolicyBinding,-
KIND_APIService,APIService,-
KIND_Binding,Binding,-
KIND_CertificateSigningRequest,CertificateSigningRequest,-
KIND_ClusterRole,ClusterRole,-
KIND_ClusterRoleBinding,ClusterRoleBinding,-
KIND_ComponentStatus,ComponentStatus,-
KIND_FlowSchema,FlowSchema,-
KIND_IPAddress,IPAddress,-
KIND_Lease,Lease,-
KIND_LocalSubjectAccessReview,LocalSubjectAccessReview,-
KIND_Namespace,Namespace,-
KIND_Node,Node,-
KIND_PersistentVolume,PersistentVolume,-
KIND_PriorityLevelConfiguration,PriorityLevelConfiguration,-
KIND_ResourceQuota,ResourceQuota,-
KIND_Role,Role,-
KIND_RoleBinding,RoleBinding,-
KIND_RuntimeClass,RuntimeClass,-
KIND_SelfSubjectAccessReview,SelfSubjectAccessReview,-
KIND_SelfSubjectReview,SelfSubjectReview,-
KIND_SelfSubjectRulesReview,SelfSubjectRulesReview,-
KIND_ServiceAccount,ServiceAccount,-
KIND_ServiceCIDR,ServiceCIDR,-
KIND_StorageVersion,StorageVersion,-
KIND_SubjectAccessReview,SubjectAccessReview,-
KIND_TokenRequest,TokenRequest,-
KIND_TokenReview,TokenReview,-
KIND_NetworkPolicy,NetworkPolicy,-
KIND_ResourceClaimParameters,ResourceClaimParameters,-
KIND_ResourceSlice,ResourceSlice,-
metadata,metadata,-
METADATA_name,metadata_name,-
METADATA_namespace,metadata_namespace,-
METADATA_labels,metadata_labels,-
LABELS_key,metadata_labels_key,-
LABELS_value,metadata_labels_value,-
METADATA_annotations,metadata_annotations,-
ANNOTATIONS_key,metadata_annotations_key,-
ANNOTATIONS_value,metadata_annotations_value,-
METADATA_deletionGracePeriodSeconds,metadata_deletionGracePeriodSeconds,-
METADATA_finalizers,metadata_finalizers,-
METADATA_generateName,metadata_generateName,-
METADATA_managedFields,metadata_managedFields,-
METADATA_MANAGEFIELDS_apiversion,metadata_managedFields_apiVersion,-
METADATA_MANAGEFIELDS_fieldsType,metadata_managedFields_fieldsType,- 
METADATA_MANAGEFIELDS_fieldsV1,metadata_managedFields_fieldsV1,- 
METADATA_MANAGEFIELDS_manager,metadata_managedFields_manager,- 
METADATA_MANAGEFIELDS_operation,metadata_managedFields_operation,- 
METADATA_MANAGEFIELDS_OPERATION_apply,metadata_managedFields_operation_apply,-
METADATA_MANAGEFIELDS_OPERATION_update,metadata_managedFields_operation_update,-
METADATA_MANAGEFIELDS_subresource,metadata_managedFields_subresource,- 
METADATA_MANAGEFIELDS_time,metadata_managedFields_time,- 
METADATA_ownerReferences,metadata_ownerReferences,- 
METADATA_OWNERREFERENCES_apiVersion,metadata_ownerReferences_apiVersion,- 
METADATA_OWNERREFERENCES_kind,metadata_ownerReferences_kind,- 
METADATA_OWNERREFERENCES_name,metadata_ownerReferences_name,- 
METADATA_OWNERREFERENCES_uid,metadata_ownerReferences_uid,- 
METADATA_OWNERREFERENCES_blockOwnerDeletion,metadata_ownerReferences_blockOwnerDeletion,- 
METADATA_OWNERREFERENCES_controller,metadata_ownerReferences_controller,- 
spec,spec,-
DeploymentSpec,deploymentspec,-
DEPLOYMENTSPEC_minReadySeconds,deploymentspec_minReadySeconds,-
DEPLOYMENTSPEC_paused,deploymentspec_paused,-
DEPLOYMENTSPEC_progressDeadlineSeconds,deploymentspec_progressDeadlineSeconds,-
DEPLOYMENTSPEC_replicas,deploymentspec_replicas,-
DEPLOYMENTSPEC_revisionHistoryLimit,deploymentspec_revisionHistoryLimit,-
DEPLOYMENTSPEC_selector,deploymentspec_selector,-
SELECTOR_matchLabels,deploymentspec_selector_matchLabels,-
MATCHLABELS_key,deploymentspec_selector_matchLabels_key,-
MATCHLABELS_value,deploymentspec_selector_matchLabels_value,-
SELECTOR_matchExpressions,deploymentspec_selector_matchExpressions,-
MATCHEXPRESSIONS_key,deploymentspec_selector_matchExpressions_key,-
MATCHEXPRESSIONS_operator,deploymentspec_selector_matchExpressions_operator,-
OPERATOR_in,-,-
OPERATOR_notIn,-,-
OPERATOR_exist,-,-
OPERATOR_doesNotExist,,-
OPERATOR_gt,-,-
OPERATOR_lt,-,-
MATCHEXPRESSIONS_values,deploymentspec_selector_matchExpressions_values,-
MATCHEXPRESSIONS_value,-,-
DEPLOYMENTSPEC_strategy,deploymentspec_strategy,-
STRATEGY_type,deploymentspec_strategy_type,-
STRATEGY_TYPE_Recreate,deploymentspec_strategy_type_Recreate,-
STRATEGY_TYPE_RollingUpdate,deploymentspec_strategy_type_RollingUpdate,-
maxUnavailable,deploymentspec_strategy_rollingUpdate_maxUnavailable,-
maxSurge,deploymentspec_strategy_rollingUpdate_maxSurge,-
DEPLOYMENTSPEC_template,deploymentspec_template,-
DEPLOYMENTSPEC_TEMPLATE_metadata,deploymentspec_template_metadata,-
TEMPLATE_METADATA_name,deploymentspec_template_metadata_name,-
TEMPLATE_METADATA_namespace,deploymentspec_template_metadata_namespace,-
TEMPLATE_METADATA_labels,deploymentspec_template_metadata_labels,-
TEMPLATE_METADATA_LABELS_key,-,-
TEMPLATE_METADATA_LABELS_value,,-
TEMPLATE_METADATA_annotations,deploymentspec_template_metadata_annotations,-
TEMPLATE_METADATA_ANNOTATIONS_key,-,-
TEMPLATE_METADATA_ANNOTATIONS_value,-,-
TEMPLATE_METADATA_deletionGracePeriodSeconds,deploymentspec_template_metadata_deletionGracePeriodSeconds,-
TEMPLATE_METADATA_finalizers,deploymentspec_template_metadata_finalizers,-
TEMPLATE_METADATA_generateName,deploymentspec_template_metadata_generateName,-
TEMPLATE_METADATA_managedFields,deploymentspec_template_metadata_managedFields,-
TEMPLATE_METADATA_MANAGEFIELDS_apiversion,deploymentspec_template_metadata_managedFields_apiVersion,-
TEMPLATE_METADATA_MANAGEFIELDS_fieldsType,deploymentspec_template_metadata_managedFields_fieldsType,- 
TEMPLATE_METADATA_MANAGEFIELDS_fieldsV1,deploymentspec_template_metadata_managedFields_fieldsV1,- 
TEMPLATE_METADATA_MANAGEFIELDS_manager,deploymentspec_template_metadata_managedFields_manager,- 
TEMPLATE_METADATA_MANAGEFIELDS_operation,deploymentspec_template_metadata_managedFields_operation,- 
TEMPLATE_METADATA_MANAGEFIELDS_OPERATION_apply,deploymentspec_template_metadata_managedFields_operation_apply,-
TEMPLATE_METADATA_MANAGEFIELDS_OPERATION_update,deploymentspec_template_metadata_managedFields_operation_update,-
TEMPLATE_METADATA_MANAGEFIELDS_subresource,deploymentspec_template_metadata_managedFields_subresource,- 
TEMPLATE_METADATA_MANAGEFIELDS_time,deploymentspec_template_metadata_managedFields_time,- 
TEMPLATE_METADATA_ownerReferences,deploymentspec_template_metadata_ownerReferences,- 
TEMPLATE_METADATA_OWNERREFERENCES_apiVersion,deploymentspec_template_metadata_ownerReferences_apiVersion,- 
TEMPLATE_METADATA_OWNERREFERENCES_kind,deploymentspec_template_metadata_ownerReferences_kind,- 
TEMPLATE_METADATA_OWNERREFERENCES_name,deploymentspec_template_metadata_ownerReferences_name,- 
TEMPLATE_METADATA_OWNERREFERENCES_uid,deploymentspec_template_metadata_ownerReferences_uid,- 
TEMPLATE_METADATA_OWNERREFERENCES_blockOwnerDeletion,deploymentspec_template_metadata_ownerReferences_blockOwnerDeletion,- 
TEMPLATE_METADATA_OWNERREFERENCES_controller,deploymentspec_template_metadata_ownerReferences_controller,- 
DEPLOYMENTSPEC_TEMPLATE_podspec,deploymentspec_template_spec,-
PodSpec,podspec,deploymentspec_template_spec
PODSPEC_containers,podspec_containers,deploymentspec_template_spec_containers
CONTAINERS_name,podspec_containers_name,deploymentspec_template_spec_containers_name
CONTAINERS_image,podspec_containers_image,deploymentspec_template_spec_containers_image
CONTAINERS_args,podspec_containers_args,spec_containers_args
CONTAINERS_ARGS_value,-,-
CONTAINERS_command,podspec_containers_command,deploymentspec_template_spec_containers_command
CONTAINERS_COMMAND_value,-,-
CONTAINERS_env,podspec_containers_env,deploymentspec_template_spec_containers_env
CONTAINERS_ENV_name,podspec_containers_env_name,deploymentspec_template_spec_containers_env_name
CONTAINERS_ENV_value,podspec_containers_env_value,deploymentspec_template_spec_containers_env_value
CONTAINERS_ENV_valueFrom,podspec_containers_env_valueFrom,deploymentspec_template_spec_containers_env_valueFrom
configMapKeyRef,podspec_containers_env_valueFrom_configMapKeyRef,deploymentspec_template_spec_containers_env_valueFrom_configMapKeyRef
CONFIGMAPKEYREF_name,podspec_containers_env_valueFrom_configMapKeyRef_name,deploymentspec_template_spec_containers_env_valueFrom_configMapKeyRef_name
CONFIGMAPKEYREF_key,podspec_containers_env_valueFrom_configMapKeyRef_key,deploymentspec_template_spec_containers_env_valueFrom_configMapKeyRef_key
CONFIGMAPKEYREF_optional,podspec_containers_env_valueFrom_configMapKeyRef_optional,deploymentspec_template_spec_containers_env_valueFrom_configMapKeyRef_optional
fieldRef,podspec_containers_env_valueFrom_fieldRef,deploymentspec_template_spec_containers_env_valueFrom_fieldRef
FIELDREF_apiversion,podspec_containers_env_valueFrom_fieldRef_apiVersion,deploymentspec_template_spec_containers_env_valueFrom_fieldRef_apiVersion
FIELDREF_fieldPath,podspec_containers_env_valueFrom_fieldRef_fieldPath,deploymentspec_template_spec_containers_env_valueFrom_fieldRef_fieldPath
resourceFieldRef,podspec_containers_env_valueFrom_resourceFieldRef,deploymentspec_template_spec_containers_env_valueFrom_resourceFieldRef
RESOURCEFIELDREF_containerName,podspec_containers_env_valueFrom_resourceFieldRef_containerName,deploymentspec_template_spec_containers_env_valueFrom_resourceFieldRef_containerName
RESOURCEFIELDREF_resource,podspec_containers_env_valueFrom_resourceFieldRef_resource,deploymentspec_template_spec_containers_env_valueFrom_resourceFieldRef_resource
RESOURCEFIELDREF_divisor,podspec_containers_env_valueFrom_resourceFieldRef_divisor,deploymentspec_template_spec_containers_env_valueFrom_resourceFieldRef_divisor
secretKeyRef,podspec_containers_env_valueFrom_secretKeyRef,deploymentspec_template_spec_containers_env_valueFrom_secretKeyRef
SECRETKEYREF_key,podspec_containers_env_valueFrom_secretKeyRef_key,deploymentspec_template_spec_containers_env_valueFrom_secretKeyRef_key
SECRETKEYREF_name,podspec_containers_env_valueFrom_secretKeyRef_name,deploymentspec_template_spec_containers_env_valueFrom_secretKeyRef_name
SECRETKEYREF_optional,podspec_containers_env_valueFrom_secretKeyRef_optional,deploymentspec_template_spec_containers_env_valueFrom_secretKeyRef_optional
CONTAINERS_envFrom,podspec_containers_envFrom,deploymentspec_template_spec_containers_envFrom
ENVFROM_configMapRef,podspec_containers_envFrom_configMapRef,deploymentspec_template_spec_containers_envFrom_configMapRef
CONFIGMAPREF_name,podspec_containers_envFrom_configMapRef_name,deploymentspec_template_spec_containers_envFrom_configMapRef_name
CONFIGMAPREF_optional,podspec_containers_envFrom_configMapRef_optional,deploymentspec_template_spec_containers_envFrom_configMapRef_optional
ENVFROM_secretRef,podspec_containers_envFrom_secretRef,deploymentspec_template_spec_containers_envFrom_secretRef
SECRETREF_name,podspec_containers_envFrom_secretRef_name,deploymentspec_template_spec_containers_envFrom_secretRef_name
SECRETREF_optional,podspec_containers_envFrom_secretRef_optional,deploymentspec_template_spec_containers_envFrom_secretRef_optional
CONTAINERS_imagePullPolicy,podspec_containers_imagePullPolicy,deploymentspec_template_spec_containers_imagePullPolicy
IMAGEPULLPOLICY_always,-,-
IMAGEPULLPOLICY_never,-,-
IMAGEPULLPOLICY_ifNotPresent,-,-
CONTAINERS_lifecycle,podspec_containers_lifecycle,deploymentspec_template_spec_containers_lifecycle
LIFECYCLE_postStart,podspec_containers_lifecycle_postStart,deploymentspec_template_spec_containers_lifecycle_postStart
POSTSTART_exec,podspec_containers_lifecycle_postStart_exec,deploymentspec_template_spec_containers_lifecycle_postStart_exec
POSTSTART_EXEC_command,podspec_containers_lifecycle_postStart_exec_command,deploymentspec_template_spec_containers_lifecycle_postStart_exec_command
POSTSTART_sleep,podspec_containers_lifecycle_postStart_sleep,deploymentspec_template_spec_containers_lifecycle_postStart_sleep
POSTSTART_SLEEP_seconds,podspec_containers_lifecycle_postStart_sleep_seconds,deploymentspec_template_spec_containers_lifecycle_postStart_sleep_seconds
POSTSTART_httpGet,podspec_containers_lifecycle_postStart_httpGet,deploymentspec_template_spec_containers_lifecycle_postStart_httpGet
POSTSTART_HTTPGET_host,podspec_containers_lifecycle_postStart_httpGet_host,deploymentspec_template_spec_containers_lifecycle_postStart_httpGet_host
POSTSTART_HTTPGET_httpHeaders,podspec_containers_lifecycle_postStart_httpGet_httpHeaders,deploymentspec_template_spec_containers_lifecycle_postStart_httpGet_httpHeaders
POSTSTART_HTTPHEADERS_name,podspec_containers_lifecycle_postStart_httpGet_httpHeaders_name,deploymentspec_template_spec_containers_lifecycle_postStart_httpGet_httpHeaders_name
POSTSTART_HTTPHEADERS_value,podspec_containers_lifecycle_postStart_httpGet_httpHeaders_value,deploymentspec_template_spec_containers_lifecycle_postStart_httpGet_httpHeaders_value
POSTSTART_HTTPGET_port,podspec_containers_lifecycle_postStart_httpGet_port,deploymentspec_template_spec_containers_lifecycle_postStart_httpGet_port
POSTSTART_HTTPGET_path,podspec_containers_lifecycle_postStart_httpGet_path,deploymentspec_template_spec_containers_lifecycle_postStart_httpGet_path
POSTSTART_HTTPGET_scheme,podspec_containers_lifecycle_postStart_httpGet_scheme,deploymentspec_template_spec_containers_lifecycle_postStart_httpGet_scheme
LIFECYCLE_preStop,podspec_containers_lifecycle_preStop,deploymentspec_template_spec_containers_lifecycle_preStop
PRESTOP_exec,podspec_containers_lifecycle_preStop_exec,deploymentspec_template_spec_containers_lifecycle_preStop_exec
PRESTOP_EXEC_command,podspec_containers_lifecycle_preStop_exec_command,deploymentspec_template_spec_containers_lifecycle_preStop_exec_command
PRESTOP_httpGet,podspec_containers_lifecycle_preStop_httpGet,deploymentspec_template_spec_containers_lifecycle_preStop_httpGet
PRESTOP_HTTPGET_host,podspec_containers_lifecycle_preStop_httpGet_host,deploymentspec_template_spec_containers_lifecycle_preStop_httpGet_host
PRESTOP_HTTPGET_httpHeaders,podspec_containers_lifecycle_preStop_httpGet_httpHeaders,deploymentspec_template_spec_containers_lifecycle_preStop_httpGet_httpHeaders
PRESTOP_HTTPHEADERS_name,podspec_containers_lifecycle_preStop_httpGet_httpHeaders_name,deploymentspec_template_spec_containers_lifecycle_preStop_httpGet_httpHeaders_name
PRESTOP_HTTPHEADERS_value,podspec_containers_lifecycle_preStop_httpGet_httpHeaders_value,deploymentspec_template_spec_containers_lifecycle_preStop_httpGet_httpHeaders_value
PRESTOP_HTTPGET_path,podspec_containers_lifecycle_preStop_httpGet_path,deploymentspec_template_spec_containers_lifecycle_preStop_httpGet_path
PRESTOP_HTTPGET_port,podspec_containers_lifecycle_preStop_httpGet_port,deploymentspec_template_spec_containers_lifecycle_preStop_httpGet_port
PRESTOP_HTTPGET_scheme,podspec_containers_lifecycle_preStop_httpGet_scheme,deploymentspec_template_spec_containers_lifecycle_preStop_httpGet_scheme
PRESTOP_sleep,podspec_containers_lifecycle_preStop_sleep,deploymentspec_template_spec_containers_lifecycle_preStop_sleep
PRESTOP_SLEEP_seconds,podspec_containers_lifecycle_preStop_sleep_seconds,deploymentspec_template_spec_containers_lifecycle_preStop_sleep_seconds
CONTAINERS_livenessProbe,podspec_containers_livenessProbe,deploymentspec_template_spec_containers_livenessProbe
LIVENESSPROBE_exec,podspec_containers_livenessProbe_exec,deploymentspec_template_spec_containers_livenessProbe_exec
LIVENESSPROBE_EXEC_command,podspec_containers_livenessProbe_exec_command,deploymentspec_template_spec_containers_livenessProbe_exec_command
LIVENESSPROBE_failureThreshold,podspec_containers_livenessProbe_failureThreshold,deploymentspec_template_spec_containers_livenessProbe_failureThreshold
LIVENESSPROBE_grpc,podspec_containers_livenessProbe_grpc,deploymentspec_template_spec_containers_livenessProbe_grpc
LIVENESSPROBE_GRPC_port,podspec_containers_livenessProbe_grpc_port,deploymentspec_template_spec_containers_livenessProbe_grpc_port
LIVENESSPROBE_GRPC_service,podspec_containers_livenessProbe_grpc_service,deploymentspec_template_spec_containers_livenessProbe_grpc_service
LIVENESSPROBE_httpGet,podspec_containers_livenessProbe_httpGet,deploymentspec_template_spec_containers_livenessProbe_httpGet
LIVENESSPROBE_HTTPGET_host,podspec_containers_livenessProbe_httpGet_host,deploymentspec_template_spec_containers_livenessProbe_httpGet_host
LIVENESSPROBE_HTTPGET_httpHeaders,podspec_containers_livenessProbe_httpGet_httpHeaders,deploymentspec_template_spec_containers_livenessProbe_httpGet_httpHeaders
LIVENESSPROBE_HTTPHEADERS_name,podspec_containers_livenessProbe_httpGet_httpHeaders_name,deploymentspec_template_spec_containers_livenessProbe_httpGet_httpHeaders_name
LIVENESSPROBE_HTTPHEADERS_value,podspec_containers_livenessProbe_httpGet_httpHeaders_value,deploymentspec_template_spec_containers_livenessProbe_httpGet_httpHeaders_value
LIVENESSPROBE_HTTPGET_path,podspec_containers_livenessProbe_httpGet_path,deploymentspec_template_spec_containers_livenessProbe_httpGet_path
LIVENESSPROBE_HTTPGET_port,podspec_containers_livenessProbe_httpGet_port,deploymentspec_template_spec_containers_livenessProbe_httpGet_port
LIVENESSPROBE_HTTPGET_scheme,podspec_containers_livenessProbe_httpGet_scheme,deploymentspec_template_spec_containers_livenessProbe_httpGet_scheme
LIVENESSPROBE_initialDelaySeconds,podspec_containers_livenessProbe_initialDelaySeconds,deploymentspec_template_spec_containers_livenessProbe_initialDelaySeconds
LIVENESSPROBE_periodSeconds,podspec_containers_livenessProbe_periodSeconds,deploymentspec_template_spec_containers_livenessProbe_periodSeconds
LIVENESSPROBE_successThreshold,podspec_containers_livenessProbe_successThreshold,deploymentspec_template_spec_containers_livenessProbe_successThreshold
LIVENESSPROBE_timeoutSeconds,podspec_containers_livenessProbe_timeoutSeconds,deploymentspec_template_spec_containers_livenessProbe_timeoutSeconds
LIVENESSPROBE_tcpSocket,podspec_containers_livenessProbe_tcpSocket,deploymentspec_template_spec_containers_livenessProbe_tcpSocket
LIVENESSPROBE_TCPSOCKET_port,podspec_containers_livenessProbe_tcpSocket_port,deploymentspec_template_spec_containers_livenessProbe_tcpSocket_port
LIVENESSPROBE_TCPSOCKET_host,podspec_containers_livenessProbe_tcpSocket_host,deploymentspec_template_spec_containers_livenessProbe_tcpSocket_host
LIVENESSPROBE_terminationGracePeriodSeconds,podspec_containers_livenessProbe_terminationGracePeriodSeconds,deploymentspec_template_spec_containers_livenessProbe_terminationGracePeriodSeconds
CONTAINERS_ports,podspec_containers_ports,deploymentspec_template_spec_containers_ports
CONTAINERS_PORTS_containerPort,podspec_containers_ports_containerPort,deploymentspec_template_spec_containers_ports_containerPort
CONTAINERS_PORTS_hostIP,podspec_containers_ports_hostIP,deploymentspec_template_spec_containers_ports_hostIP
CONTAINERS_PORTS_hostPort,podspec_containers_ports_hostPort,deploymentspec_template_spec_containers_ports_hostPort
CONTAINERS_PORTS_name,podspec_containers_ports_name,deploymentspec_template_spec_containers_ports_name
CONTAINERS_PORTS_protocol,podspec_containers_ports_protocol,deploymentspec_template_spec_containers_ports_protocol
PROTOCOL_UDP,-,-
PROTOCOL_TCP,-,-
PROTOCOL_SCTP,-,-
CONTAINERS_readinessProbe,podspec_containers_readinessProbe,deploymentspec_template_spec_containers_readinessProbe
READINESSPROBE_exec,podspec_containers_readinessProbe_exec,deploymentspec_template_spec_containers_readinessProbe_exec
READINESSPROBE_EXEC_command,podspec_containers_readinessProbe_exec_command,deploymentspec_template_spec_containers_readinessProbe_exec_command
READINESSPROBE_failureThreshold,podspec_containers_readinessProbe_failureThreshold,deploymentspec_template_spec_containers_readinessProbe_failureThreshold
READINESSPROBE_grpc,podspec_containers_readinessProbe_grpc,deploymentspec_template_spec_containers_readinessProbe_grpc
READINESSPROBE_GRPC_port,podspec_containers_readinessProbe_grpc_port,deploymentspec_template_spec_containers_readinessProbe_grpc_port
READINESSPROBE_GRPC_service,podspec_containers_readinessProbe_grpc_service,deploymentspec_template_spec_containers_readinessProbe_grpc_service
READINESSPROBE_httpGet,podspec_containers_readinessProbe_httpGet,deploymentspec_template_spec_containers_readinessProbe_httpGet
READINESSPROBE_HTTPGET_host,podspec_containers_readinessProbe_httpGet_host,deploymentspec_template_spec_containers_readinessProbe_httpGet_host
READINESSPROBE_HTTPGET_httpHeaders,podspec_containers_readinessProbe_httpGet_httpHeaders,deploymentspec_template_spec_containers_readinessProbe_httpGet_httpHeaders
READINESSPROBE_HTTPHEADERS_name,podspec_containers_readinessProbe_httpGet_httpHeaders_name,deploymentspec_template_spec_containers_readinessProbe_httpGet_httpHeaders_name
READINESSPROBE_HTTPHEADERS_value,podspec_containers_readinessProbe_httpGet_httpHeaders_value,deploymentspec_template_spec_containers_readinessProbe_httpGet_httpHeaders_value
READINESSPROBE_HTTPGET_path,podspec_containers_readinessProbe_httpGet_path,deploymentspec_template_spec_containers_readinessProbe_httpGet_path
READINESSPROBE_HTTPGET_port,podspec_containers_readinessProbe_httpGet_port,deploymentspec_template_spec_containers_readinessProbe_httpGet_port
READINESSPROBE_HTTPGET_scheme,podspec_containers_readinessProbe_httpGet_scheme,deploymentspec_template_spec_containers_readinessProbe_httpGet_scheme
READINESSPROBE_initialDelaySeconds,podspec_containers_readinessProbe_initialDelaySeconds,deploymentspec_template_spec_containers_readinessProbe_initialDelaySeconds
READINESSPROBE_periodSeconds,podspec_containers_readinessProbe_periodSeconds,deploymentspec_template_spec_containers_readinessProbe_periodSeconds
READINESSPROBE_successThreshold,podspec_containers_readinessProbe_successThreshold,deploymentspec_template_spec_containers_readinessProbe_successThreshold
READINESSPROBE_timeoutSeconds,podspec_containers_readinessProbe_timeoutSeconds,deploymentspec_template_spec_containers_readinessProbe_timeoutSeconds
READINESSPROBE_tcpSocket,podspec_containers_readinessProbe_tcpSocket,deploymentspec_template_spec_containers_readinessProbe_tcpSocket
READINESSPROBE_TCPSOCKET_port,podspec_containers_readinessProbe_tcpSocket_port,deploymentspec_template_spec_containers_readinessProbe_tcpSocket_port
READINESSPROBE_TCPSOCKET_host,podspec_containers_readinessProbe_tcpSocket_host,deploymentspec_template_spec_containers_readinessProbe_tcpSocket_host
READINESSPROBE_terminationGracePeriodSeconds,podspec_containers_readinessProbe_terminationGracePeriodSeconds,deploymentspec_template_spec_containers_readinessProbe_terminationGracePeriodSeconds
CONTAINERS_resizePolicy,podspec_containers_resizePolicy,deploymentspec_template_spec_containers_resizePolicy
CONTAINERS_resizePolicy,podspec_containers_resizePolicy,deploymentspec_template_spec_containers_resizePolicy
RESIZEPOLICY_resourceName,podspec_containers_resizePolicy_resourceName,deploymentspec_template_spec_containers_resizePolicy_resourceName
CONTAINERS_RESIZEPOLICY_RESTARTPOLICY_cpu,podspec_containers_resizePolicy_restartPolicy_cpu,deploymentspec_template_spec_containers_resizePolicy_restartPolicy_cpu
RESIZEPOLICY_restartPolicy,podspec_containers_resizePolicy_restartPolicy,deploymentspec_template_spec_containers_resizePolicy_restartPolicy
CONTAINERS_restartPolicy,podspec_containers_restartPolicy,deploymentspec_template_spec_containers_restartPolicy
CONTAINERS_resources,podspec_containers_resources,deploymentspec_template_spec_containers_resources
RESOURCES_request,podspec_containers_resources_request,deploymentspec_template_spec_containers_resources_request
RESOURCES_limits,podspec_containers_resources_limits,deploymentspec_template_spec_containers_resources_limits
REQUEST_cpu,podspec_containers_resources_request_cpu,deploymentspec_template_spec_containers_resources_request_cpu
REQUEST_memory,podspec_containers_resources_request_memory,deploymentspec_template_spec_containers_resources_request_memory
LIMITS_cpu,podspec_containers_resources_limits_cpu,deploymentspec_template_spec_containers_resources_limits_cpu
LIMITS_memory,podspec_containers_resources_limits_memory,deploymentspec_template_spec_containers_resources_limits_memory
RESOURCES_CLAIMS_name,podspec_containers_resources_claims_name,deploymentspec_template_spec_containers_resources_claims_name
CONTAINERS_securityContext,podspec_containers_securityContext,deploymentspec_template_spec_containers_securityContext
CONTAINERS_SECURITYCONTEXT_allowPrivilegeEscalation,podspec_containers_securityContext_allowPrivilegeEscalation,deploymentspec_template_spec_containers_securityContext_allowPrivilegeEscalation
CONTAINERS_SECURITYCONTEXT_privileged,podspec_containers_securityContext_privileged,deploymentspec_template_spec_containers_securityContext_privileged
CONTAINERS_SECURITYCONTEXT_procMount,podspec_containers_securityContext_procMount,deploymentspec_template_spec_containers_securityContext_procMount
CONTAINERS_SECURITYCONTEXT_readOnlyRootFilesystem,podspec_containers_securityContext_readOnlyRootFilesystem,deploymentspec_template_spec_containers_securityContext_readOnlyRootFilesystem
CONTAINERS_SECURITYCONTEXT_runAsGroup,podspec_containers_securityContext_runAsGroup,deploymentspec_template_spec_containers_securityContext_runAsGroup
CONTAINERS_SECURITYCONTEXT_runAsNonRoot,podspec_containers_securityContext_runAsNonRoot,deploymentspec_template_spec_containers_securityContext_runAsNonRoot
CONTAINERS_SECURITYCONTEXT_runAsUser,podspec_containers_securityContext_runAsUser,deploymentspec_template_spec_containers_securityContext_runAsUser
CONTAINERS_SECURITYCONTEXT_appArmorProfile,podspec_containers_securityContext_appArmorProfile,deploymentspec_template_spec_containers_securityContext_appArmorProfile
CONTAINERS_APPARMORPROFILE_localhostProfile,podspec_containers_securityContext_appArmorProfile_localhostProfile,deploymentspec_template_spec_containers_securityContext_appArmorProfile_localhostProfile
CONTAINERS_APPARMORPROFILE_type,podspec_containers_securityContext_appArmorProfile_type,deploymentspec_template_spec_containers_securityContext_appArmorProfile_type
CONTAINERS_SECURITYCONTEXT_appArmorProfile,podspec_containers_securityContext_appArmorProfile,deploymentspec_template_spec_containers_securityContext_appArmorProfile
CONTAINERS_APPARMORPROFILE_localhostProfile,podspec_containers_securityContext_appArmorProfile_localhostProfile,deploymentspec_template_spec_containers_securityContext_appArmorProfile_localhostProfile
CONTAINERS_APPARMORPROFILE_type,podspec_containers_securityContext_appArmorProfile_type,deploymentspec_template_spec_containers_securityContext_appArmorProfile_type
CONTAINERS_APPARMORPROFILE_TYPE_LocalHost,-,-
CONTAINERS_APPARMORPROFILE_TYPE_RuntimeDefault,-,-
CONTAINERS_APPARMORPROFILE_TYPE_Unconfined,-,-
CONTAINERS_SECURITYCONTEXT_capabilities,podspec_containers_securityContext_capabilities,deploymentspec_template_spec_containers_securityContext_capabilities
CONTAINERS_CAPABILITIES_add,podspec_containers_securityContext_capabilities_add,deploymentspec_template_spec_containers_securityContext_capabilities_add
CONTAINERS_addedCapabilities,-,-
CONTAINERS_CAPABILITIES_drop,podspec_containers_securityContext_capabilities_drop,deploymentspec_template_spec_containers_securityContext_capabilities_drop
CONTAINERS_removedCapabilities,-,-
CONTAINERS_SECURITYCONTEXT_seLinuxOptions,spec_containers_securityContext_seLinuxOptions,deploymentspec_template_spec_containers_securityContext_seLinuxOptions
CONTAINERS_SELINUXOPTIONS_level,podspec_containers_securityContext_seLinuxOptions_level,deploymentspec_template_spec_containers_securityContext_seLinuxOptions_level
CONTAINERS_SELINUXOPTIONS_role,podspec_containers_securityContext_seLinuxOptions_role,deploymentspec_template_spec_containers_securityContext_seLinuxOptions_role
CONTAINERS_SELINUXOPTIONS_type,podspec_containers_securityContext_seLinuxOptions_type,deploymentspec_template_spec_containers_securityContext_seLinuxOptions_type
CONTAINERS_SELINUXOPTIONS_user,podspec_containers_securityContext_seLinuxOptions_user,deploymentspec_template_spec_containers_securityContext_seLinuxOptions_user
CONTAINERS_SECURITYCONTEXT_seccompProfile,podspec_containers_securityContext_seccompProfile,deploymentspec_template_spec_containers_securityContext_seccompProfile
CONTAINERS_SECCOMPROFILE_localhostProfile,podspec_containers_securityContext_seccompProfile_localhostProfile,deploymentspec_template_spec_containers_securityContext_seccompProfile_localhostProfile
CONTAINERS_SECCOMPROFILE_type,podspec_containers_securityContext_seccompProfile_type,deploymentspec_template_spec_containers_securityContext_seccompProfile_type
CONTAINERS_SECCOMPROFILE_Type_LocalHost,-,-
CONTAINERS_SECCOMPROFILE_Type_RuntimeDefault,-,-
CONTAINERS_SECCOMPROFILE_Type_Unconfined,-,-
CONTAINERS_SECURITYCONTEXT_windowsOptions,podspec_containers_securityContext_windowsOptions,deploymentspec_template_spec_containers_securityContext_windowsOptions
CONTAINERS_WINDOWSOPTIONS_gmsaCredentialSpec,podspec_containers_securityContext_windowsOptions_gmsaCredentialSpec,deploymentspec_template_spec_containers_securityContext_windowsOptions_gmsaCredentialSpec
CONTAINERS_WINDOWSOPTIONS_gmsaCredentialSpecName,podspec_containers_securityContext_windowsOptions_gmsaCredentialSpecName,deploymentspec_template_spec_containers_securityContext_windowsOptions_gmsaCredentialSpecName
CONTAINERS_WINDOWSOPTIONS_hostProcess,podspec_containers_securityContext_windowsOptions_hostProcess,deploymentspec_template_spec_containers_securityContext_windowsOptions_hostProcess
CONTAINERS_WINDOWSOPTIONS_runAsUserName,podspec_containers_securityContext_windowsOptions_runAsUserName,deploymentspec_template_spec_containers_securityContext_windowsOptions_runAsUserName
CONTAINERS_startupProbe,podspec_containers_startupProbe,deploymentspec_template_spec_containers_startupProbe
STARTUPPROBE_exec,podspec_containers_startupProbe_exec,deploymentspec_template_spec_containers_startupProbe_exec
STARTUPPROBE_EXEC_command,podspec_containers_startupProbe_exec_command,deploymentspec_template_spec_containers_startupProbe_exec_command
STARTUPPROBE_failureThreshold,podspec_containers_startupProbe_failureThreshold,deploymentspec_template_spec_containers_startupProbe_failureThreshold
STARTUPPROBE_grpc,podspec_containers_startupProbe_grpc,deploymentspec_template_spec_containers_startupProbe_grpc
STARTUPPROBE_GRPC_port,podspec_containers_startupProbe_grpc_port,deploymentspec_template_spec_containers_startupProbe_grpc_port
STARTUPPROBE_GRPC_service,podspec_containers_startupProbe_grpc_service,deploymentspec_template_spec_containers_startupProbe_grpc_service
STARTUPPROBE_httpGet,podspec_containers_startupProbe_httpGet,deploymentspec_template_spec_containers_startupProbe_httpGet
STARTUPPROBE_HTTPGET_host,podspec_containers_startupProbe_httpGet_host,deploymentspec_template_spec_containers_startupProbe_httpGet_host
STARTUPPROBE_HTTPGET_httpHeaders,podspec_containers_startupProbe_httpGet_httpHeaders,deploymentspec_template_spec_containers_startupProbe_httpGet_httpHeaders
STARTUPPROBE_HTTPHEADERS_name,podspec_containers_startupProbe_httpGet_httpHeaders_name,deploymentspec_template_spec_containers_startupProbe_httpGet_httpHeaders_name
STARTUPPROBE_HTTPHEADERS_value,podspec_containers_startupProbe_httpGet_httpHeaders_value,deploymentspec_template_spec_containers_startupProbe_httpGet_httpHeaders_value
STARTUPPROBE_HTTPGET_path,podspec_containers_startupProbe_httpGet_path,deploymentspec_template_spec_containers_startupProbe_httpGet_path
STARTUPPROBE_HTTPGET_port,podspec_containers_startupProbe_httpGet_port,deploymentspec_template_spec_containers_startupProbe_httpGet_port
STARTUPPROBE_HTTPGET_scheme,podspec_containers_startupProbe_httpGet_scheme,deploymentspec_template_spec_containers_startupProbe_httpGet_scheme
STARTUPPROBE_initialDelaySeconds,podspec_containers_startupProbe_initialDelaySeconds,deploymentspec_template_spec_containers_startupProbe_initialDelaySeconds
STARTUPPROBE_periodSeconds,podspec_containers_startupProbe_periodSeconds,deploymentspec_template_spec_containers_startupProbe_periodSeconds
STARTUPPROBE_successThreshold,podspec_containers_startupProbe_successThreshold,deploymentspec_template_spec_containers_startupProbe_successThreshold
STARTUPPROBE_timeoutSeconds,podspec_containers_startupProbe_timeoutSeconds,deploymentspec_template_spec_containers_startupProbe_timeoutSeconds
STARTUPPROBE_tcpSocket,podspec_containers_startupProbe_tcpSocket,deploymentspec_template_spec_containers_startupProbe_tcpSocket
STARTUPPROBE_TCPSOCKET_port,podspec_containers_startupProbe_tcpSocket_port,deploymentspec_template_spec_containers_startupProbe_tcpSocket_port
STARTUPPROBE_TCPSOCKET_host,podspec_containers_startupProbe_tcpSocket_host,deploymentspec_template_spec_containers_startupProbe_tcpSocket_host
STARTUPPROBE_terminationGracePeriodSeconds,podspec_containers_startupProbe_terminationGracePeriodSeconds,deploymentspec_template_spec_containers_startupProbe_terminationGracePeriodSeconds
CONTAINERS_stdin,podspec_containers_stdin,deploymentspec_template_spec_containers_stdin
CONTAINERS_stdinOnce,podspec_containers_stdinOnce,deploymentspec_template_spec_containers_stdinOnce
CONTAINERS_terminationMessagePath,podspec_containers_terminationMessagePath,deploymentspec_template_spec_containers_terminationMessagePath
CONTAINERS_terminationMessagePolicy,podspec_containers_terminationMessagePolicy,deploymentspec_template_spec_containers_terminationMessagePolicy
CONTAINERS_tty,podspec_containers_tty,deploymentspec_template_spec_containers_tty
CONTAINERS_volumeDevices,podspec_containers_volumeDevices,deploymentspec_template_spec_containers_volumeDevices
VOLUMEDEVICES_devicePath,podspec_containers_volumeDevices_devicePath,deploymentspec_template_spec_containers_volumeDevices_devicePath
VOLUMEDEVICES_name,podspec_containers_volumeDevices_name,deploymentspec_template_spec_containers_volumeDevices_name
CONTAINERS_volumeMounts,podspec_containers_volumeMounts,deploymentspec_template_spec_containers_volumeMounts
VOLUMEMOUNTS_mountPath,podspec_containers_volumeMounts_mountPath,deploymentspec_template_spec_containers_volumeMounts_mountPath
VOLUMEMOUNTS_name,podspec_containers_volumeMounts_name,deploymentspec_template_spec_containers_volumeMounts_name
VOLUMEMOUNTS_readonly,podspec_containers_volumeMounts_readonly,deploymentspec_template_spec_containers_volumeMounts_readonly
VOLUMEMOUNTS_mountPropagation,podspec_containers_volumeMounts_mountPropagation,deploymentspec_template_spec_containers_volumeMounts_mountPropagation
VOLUMEMOUNTS_recursiveReadOnly,podspec_containers_volumeMounts_recursiveReadOnly,deploymentspec_template_spec_containers_volumeMounts_recursiveReadOnly
VOLUMEMOUNTS_subPath,podspec_containers_volumeMounts_subPath,deploymentspec_template_spec_containers_volumeMounts_subPath
VOLUMEMOUNTS_subPathExpr,podspec_containers_volumeMounts_subPathExpr,deploymentspec_template_spec_containers_volumeMounts_subPathExpr
CONTAINERS_workingDir,podspec_containers_workingDir,deploymentspec_template_spec_containers_workingDir
PODSPEC_initContainers,podspec_initContainers,deploymentspec_template_spec_initContainers
INITCONTAINERS_name,podspec_initContainers_name,deploymentspec_template_spec_initContainers_name
INITCONTAINERS_image,podspec_initContainers_image,deploymentspec_template_spec_initContainers_image
INITCONTAINERS_securityContext,podspec_initContainers_securityContext,deploymentspec_template_spec_initContainers_securityContext
INITCONTAINERS_SECURITYCONTEXT_allowPrivilegeEscalation,podspec_initContainers_securityContext_allowPrivilegeEscalation,deploymentspec_template_spec_initContainers_securityContext_allowPrivilegeEscalation
INITCONTAINERS_SECURITYCONTEXT_privileged,podspec_initContainers_securityContext_privileged,deploymentspec_template_spec_initContainers_securityContext_privileged
INITCONTAINERS_SECURITYCONTEXT_procMount,podspec_initContainers_securityContext_procMount,deploymentspec_template_spec_initContainers_securityContext_procMount
INITCONTAINERS_SECURITYCONTEXT_readOnlyRootFilesystem,podspec_initContainers_securityContext_readOnlyRootFilesystem,deploymentspec_template_spec_initContainers_securityContext_readOnlyRootFilesystem
INITCONTAINERS_SECURITYCONTEXT_runAsGroup,podspec_initContainers_securityContext_runAsGroup,deploymentspec_template_spec_initContainers_securityContext_runAsGroup
INITCONTAINERS_SECURITYCONTEXT_runAsNonRoot,podspec_initContainers_securityContext_runAsNonRoot,deploymentspec_template_spec_initContainers_securityContext_runAsNonRoot
INITCONTAINERS_SECURITYCONTEXT_runAsUser,podspec_initContainers_securityContext_runAsUser,deploymentspec_template_spec_initContainers_securityContext_runAsUser
INITCONTAINERS_SECURITYCONTEXT_appArmorProfile,podspec_initContainers_securityContext_appArmorProfile,deploymentspec_template_spec_initContainers_securityContext_appArmorProfile
INITCONTAINERS_APPARMORPROFILE_localhostProfile,podspec_initContainers_securityContext_appArmorProfile_localhostProfile,deploymentspec_template_spec_initContainers_securityContext_appArmorProfile_localhostProfile
INITCONTAINERS_APPARMORPROFILE_type,podspec_initContainers_securityContext_appArmorProfile_type,deploymentspec_template_spec_initContainers_securityContext_appArmorProfile_type
INITCONTAINERS_APPARMORPROFILE_TYPE_LocalHost,-,-
INITCONTAINERS_APPARMORPROFILE_TYPE_RuntimeDefault,-,-
INITCONTAINERS_APPARMORPROFILE_TYPE_Unconfined,-,-
INITCONTAINERS_SECURITYCONTEXT_capabilities,podspec_initContainers_securityContext_capabilities,deploymentspec_template_spec_initContainers_securityContext_capabilities
INITCONTAINERS_CAPABILITIES_add,podspec_initContainers_securityContext_capabilities_add,deploymentspec_template_spec_initContainers_securityContext_capabilities_add
INITCONTAINERS_addedCapabilities,-,-
INITCONTAINERS_CAPABILITIES_drop,podspec_initContainers_securityContext_capabilities_drop,deploymentspec_template_spec_initContainers_securityContext_capabilities_drop
INITCONTAINERS_removedCapabilities,-,-
INITCONTAINERS_SECURITYCONTEXT_seLinuxOptions,podspec_initContainers_securityContext_seLinuxOptions,deploymentspec_template_spec_initContainers_securityContext_seLinuxOptions
INITCONTAINERS_SELINUXOPTIONS_level,podspec_initContainers_securityContext_seLinuxOptions_level,deploymentspec_template_spec_initContainers_securityContext_seLinuxOptions_level
INITCONTAINERS_SELINUXOPTIONS_role,podspec_initContainers_securityContext_seLinuxOptions_role,deploymentspec_template_spec_initContainers_securityContext_seLinuxOptions_role
INITCONTAINERS_SELINUXOPTIONS_type,podspec_initContainers_securityContext_seLinuxOptions_type,deploymentspec_template_spec_initContainers_securityContext_seLinuxOptions_type
INITCONTAINERS_SELINUXOPTIONS_user,podspec_initContainers_securityContext_seLinuxOptions_user,deploymentspec_template_spec_initContainers_securityContext_seLinuxOptions_user
INITCONTAINERS_SECURITYCONTEXT_seccompProfile,podspec_initContainers_securityContext_seccompProfile,deploymentspec_template_spec_initContainers_securityContext_seccompProfile
INITCONTAINERS_SECCOMPROFILE_localhostProfile,podspec_initContainers_securityContext_seccompProfile_localhostProfile,deploymentspec_template_spec_initContainers_securityContext_seccompProfile_localhostProfile
INITCONTAINERS_SECCOMPROFILE_type,podspec_initContainers_securityContext_seccompProfile_type,deploymentspec_template_spec_initContainers_securityContext_seccompProfile_type
INITCONTAINERS_SECCOMPROFILE_Type_LocalHost,-,-
INITCONTAINERS_SECCOMPROFILE_Type_RuntimeDefault,-,-
INITCONTAINERS_SECCOMPROFILE_Type_Unconfined,-,-
INITCONTAINERS_SECURITYCONTEXT_windowsOptions,podspec_initContainers_securityContext_windowsOptions,deploymentspec_template_spec_initContainers_securityContext_windowsOptions
INITCONTAINERS_WINDOWSOPTIONS_gmsaCredentialSpec,podspec_initContainers_securityContext_windowsOptions_gmsaCredentialSpec,deploymentspec_template_spec_initContainers_securityContext_windowsOptions_gmsaCredentialSpec
INITCONTAINERS_WINDOWSOPTIONS_gmsaCredentialSpecName,podspec_initContainers_securityContext_windowsOptions_gmsaCredentialSpecName,deploymentspec_template_spec_initContainers_securityContext_windowsOptions_gmsaCredentialSpecName
INITCONTAINERS_WINDOWSOPTIONS_hostProcess,podspec_initContainers_securityContext_windowsOptions_hostProcess,deploymentspec_template_spec_initContainers_securityContext_windowsOptions_hostProcess
INITCONTAINERS_WINDOWSOPTIONS_runAsUserName,podspec_initContainers_securityContext_windowsOptions_runAsUserName,deploymentspec_template_spec_initContainers_securityContext_windowsOptions_runAsUserName
PODSPEC_activeDeadlineSeconds,podspec_activeDeadlineSeconds,deploymentspec_template_spec_activeDeadlineSeconds
PODSPEC_affinity,podspec_affinity,deploymentspec_template_spec_affinity
AFFINITY_nodeAffinity,podspec_affinity_nodeAffinity,deploymentspec_template_spec_affinity_nodeAffinity
AFFINITY_podAffinity,podspec_affinity_podAffinity,deploymentspec_template_spec_affinity_podAffinity
AFFINITY_podAntiAffinity,podspec_affinity_podAntiAffinity,deploymentspec_template_spec_affinity_podAntiAffinity
PODSPEC_automountServiceAccountToken,podspec_automountServiceAccountToken,deploymentspec_template_spec_automountServiceAccountToken
PODSPEC_dnsPolicy,podspec_dnsPolicy,deploymentspec_template_spec_dnsPolicy
DNSPOLICY_ClusterFirstWithHostNet,-,-
DNSPOLICY_ClusterFirst,-,-
DNSPOLICY_Default,-,-
DNSPOLICY_None,-,-
PODSPEC_enableServiceLinks,podspec_enableServiceLinks,deploymentspec_template_spec_enableServiceLinks
PODSPEC_hostIPC,podspec_hostIPC,deploymentspec_template_spec_hostIPC
PODSPEC_hostNetwork,podspec_hostNetwork,deploymentspec_template_spec_hostNetwork
PODSPEC_hostPID,spec_hostPID,deploymentspec_template_spec_hostPID
PODSPEC_hostUsers,podspec_hostUsers,deploymentspec_template_spec_hostUsers
PODSPEC_hostname,podspec_hostname,deploymentspec_template_spec_hostname
PODSPEC_nodeName,podspec_nodeName,deploymentspec_template_spec_nodeName
PODSPEC_Volumes,podspec_volumes,deploymentspec_template_spec_volumes
VOLUMES_name,podspec_volumes_name,deploymentspec_template_spec_volumes_name
VOLUMES_type,podspec_volumes_type,deploymentspec_template_spec_volumes_type
emptyDir,podspec_volumesemptyDir,deploymentspec_template_spec_volumesemptyDir
EMPTYDIR_medium,podspec_volumesemptyDir_medium,deploymentspec_template_spec_volumesemptyDir_medium
EMPTYDIR_MEDIUM_memory,-,-
EMPTYDIR_MEDIUM_default,-,-
EMPTYDIR_sizeLimit,podspec_volumesemptyDir_sizeLimit,deploymentspec_template_spec_volumesemptyDir_sizeLimit
hostPath,podspec_volumeshostPath,deploymentspec_template_spec_volumeshostPath
HOSTPATH_path,podspec_volumeshostPath_path,deploymentspec_template_spec_volumeshostPath_path
HOSTPATH_type,podspec_volumeshostPath_type,deploymentspec_template_spec_volumeshostPath_type
persistentVolumeClaim,podspec_volumespersistentVolumeClaim,deploymentspec_template_spec_volumespersistentVolumeClaim
PERSISTENTVOLUMECLAIM_claimName,podspec_volumespersistentvolumeclaim_claimName,deploymentspec_template_spec_volumespersistentvolumeclaim_claimName
PERSISTENTVOLUMECLAIM_readOnly,podspec_volumespersistentvolumeclaim_readOnly,deploymentspec_template_spec_volumespersistentvolumeclaim_readOnly
configMap,podspec_volumesconfigMap,deploymentspec_template_spec_volumesconfigMap
CONFIGMAP_name,podspec_volumesconfigMap_name,deploymentspec_template_spec_volumesconfigMap_name
CONFIGMAP_optional,podspec_volumesconfigMap_optional,deploymentspec_template_spec_volumesconfigMap_optional
CONFIGMAP_defaultMode,podspec_volumesconfigMap_defaultMode,deploymentspec_template_spec_volumesconfigMap_defaultMode
CONFIGMAP_items,podspec_volumesconfigMap_items,deploymentspec_template_spec_volumesconfigMap_items
CONFIGMAP_ITEMS_key,podspec_volumesconfigMap_items_key,deploymentspec_template_spec_volumesconfigMap_items_key
CONFIGMAP_ITEMS_mode,podspec_volumesconfigMap_items_mode,deploymentspec_template_spec_volumesconfigMap_items_mode
CONFIGMAP_ITEMS_path,podspec_volumesconfigMap_items_path,deploymentspec_template_spec_volumesconfigMap_items_path
secret,podspec_volumessecret,deploymentspec_template_spec_volumessecret
SECRET_secretName,podspec_volumessecret_secretName,deploymentspec_template_spec_volumessecret_secretName
SECRET_optional,podspec_volumessecret_optional,deploymentspec_template_spec_volumessecret_optional
SECRET_defaultMode,podspec_volumessecret_defaultMode,deploymentspec_template_spec_volumessecret_defaultMode
SECRET_items,podspec_volumessecret_items,deploymentspec_template_spec_volumessecret_items
SECRET_ITEMS_key,podspec_volumessecret_items_key,deploymentspec_template_spec_volumessecret_items_key
SECRET_ITEMS_mode,podspec_volumessecret_items_mode,deploymentspec_template_spec_volumessecret_items_mode
SECRET_ITEMS_path,podspec_volumessecret_items_path,deploymentspec_template_spec_volumessecret_items_path
nfs,podspec_volumes_nfs,deploymentspec_template_spec_volumes_nfs
NFS_path,podspec_volumes_nfs_path,deploymentspec_template_spec_volumes_nfs_path
NFS_server,podspec_volumes_nfs_server,deploymentspec_template_spec_volumes_nfs_server
NFS_readOnly,podspec_volumes_nfs_readOnly,deploymentspec_template_spec_volumes_nfs_readOnly
csi,podspec_volumes_csi,deploymentspec_template_spec_volumes_csi
CSI_driver,podspec_volumes_csi_driver,deploymentspec_template_spec_volumes_csi_driver
CSI_volumeAttributes,podspec_volumes_csi_volumeAttributes,deploymentspec_template_spec_volumes_csi_volumeAttributes
CSI_readOnly,podspec_volumes_csi_readOnly,deploymentspec_template_spec_volumes_csi_readOnly
CSI_fsType,podspec_volumes_csi_fsType,deploymentspec_template_spec_volumes_csi_fsType
CSI_nodePublichSecretRef,podspec_volumes_csi_nodePublishSecretRef,deploymentspec_template_spec_volumes_csi_nodePublishSecretRef
CSI_NODEPUBLISHSECRETREF_name,podspec_volumes_csi_nodePublishSecretRef_name,deploymentspec_template_spec_volumes_csi_nodePublishSecretRef_name
downwardAPI,podspec_volumes_downwardAPI,deploymentspec_template_spec_volumes_downwardAPI
DOWNWARDAPI_items,podspec_volumes_downwardAPI_items,deploymentspec_template_spec_volumes_downwardAPI_items
DOWNWARDAPI_ITEMS_fieldRef,podspec_volumes_downwardAPI_items_fieldRef,deploymentspec_template_spec_volumes_downwardAPI_items_fieldRef
DOWNWARDAPI_ITEMS_FIELDREF_apiVersion,podspec_volumes_downwardAPI_items_fieldRef_apiVersion,deploymentspec_template_spec_volumes_downwardAPI_items_fieldRef_apiVersion
DOWNWARDAPI_ITEMS_FIELDREF_fieldPath,podspec_volumes_downwardAPI_items_fieldRef_fieldPath,deploymentspec_template_spec_volumes_downwardAPI_items_fieldRef_fieldPath
DOWNWARDAPI_ITEMS_path,podspec_volumes_downwardAPI_items_path,deploymentspec_template_spec_volumes_downwardAPI_items_path
DOWNWARDAPI_mode,podspec_volumes_downwardAPI_mode,deploymentspec_template_spec_volumes_downwardAPI_mode
DOWNWARDAPI_ITEMS_resourceFieldRef,podspec_volumes_downwardAPI_items_resourceFieldRef,deploymentspec_template_spec_volumes_downwardAPI_items_resourceFieldRef
DOWNWARDAPI_ITEMS_RESOURCEFIELDREF_containerName,podspec_volumes_downwardAPI_items_resourceFieldRef_containerName,deploymentspec_template_spec_volumes_downwardAPI_items_resourceFieldRef_containerName
DOWNWARDAPI_ITEMS_RESOURCEFIELDREF_resource,podspec_volumes_downwardAPI_items_resourceFieldRef_resource,deploymentspec_template_spec_volumes_downwardAPI_items_resourceFieldRef_resource
DOWNWARDAPI_ITEMS_RESOURCEFIELDREF_divisor,podspec_volumes_downwardAPI_items_resourceFieldRef_divisor,deploymentspec_template_spec_volumes_downwardAPI_items_resourceFieldRef_divisor
DOWNWARDAPI_defaultMode,podspec_volumes_downwardAPI_defaultMode,deploymentspec_template_spec_volumes_downwardAPI_defaultMode
ephemeral,podspec_volumes_ephemeral,deploymentspec_template_spec_volumes_ephemeral
EPHEMERAL_volumeClaimTemplate,podspec_volumes_ephemeral_volumeClaimTemplate,deploymentspec_template_spec_volumes_ephemeral_volumeClaimTemplate
EPHEMERAL_VOLUMECLAIMTEMPLATE_spec,podspec_volumes_ephemeral_volumeClaimTemplate_spec,deploymentspec_template_spec_volumes_ephemeral_volumeClaimTemplate_spec
EPHEMERAL_VOLUMECLAIMTEMPLATE_metadata,podspec_volumes_ephemeral_volumeClaimTemplate_metadata,deploymentspec_template_spec_volumes_ephemeral_volumeClaimTemplate_metadata
fc,podspec_volumes_fc,deploymentspec_template_spec_volumes_fc
FC_fsType,podspec_volumes_fc_fsType,deploymentspec_template_spec_volumes_fc_fsType
FC_readOnly,podspec_volumes_fc_readOnly,deploymentspec_template_spec_volumes_fc_readOnly
FC_lun,podspec_volumes_fc_lun,deploymentspec_template_spec_volumes_fc_lun
FC_targetWWNs,podspec_volumes_fc_targetWWNs,deploymentspec_template_spec_volumes_fc_targetWWNs
FC_wwids,podspec_volumes_fc_wwids,deploymentspec_template_spec_volumes_fc_wwids
FC_WWIDS_wwid,podspec_volumes_fc_wwids_wwid,deploymentspec_template_spec_volumes_fc_wwids_wwid
flocker,podspec_volumes_flocker,deploymentspec_template_spec_volumes_flocker
FLOCKER_datsetUUID,podspec_volumes_flocker_datasetUUID,deploymentspec_template_spec_volumes_flocker_datasetUUID
FLOCKER_datasetName,podspec_volumes_flocker_datasetName,deploymentspec_template_spec_volumes_flocker_datasetName
iscsi,podspec_volumes_iscsi,deploymentspec_template_spec_volumes_iscsi
ISCSI_targetPortal,podspec_volumes_iscsi_targetPortal,deploymentspec_template_spec_volumes_iscsi_targetPortal
ISCSI_fsType,podspec_volumes_iscsi_fsType,deploymentspec_template_spec_volumes_iscsi_fsType
ISCSI_lun,podspec_volumes_iscsi_lun,deploymentspec_template_spec_volumes_iscsi_lun
ISCSI_iqn,podspec_volumes_iscsi_iqn,deploymentspec_template_spec_volumes_iscsi_iqn
ISCSI_chapAuthDiscovery,podspec_volumes_iscsi_chapAuthDiscovery,deploymentspec_template_spec_volumes_iscsi_chapAuthDiscovery
ISCSI_chapAuthSession,podspec_volumes_iscsi_chapAuthSession,deploymentspec_template_spec_volumes_iscsi_chapAuthSession
ISCSI_initiatorName,podspec_volumes_iscsi_initiatorName,deploymentspec_template_spec_volumes_iscsi_initiatorName
ISCSI_iscsiInterface,podspec_volumes_iscsi_iscsiInterface,deploymentspec_template_spec_volumes_iscsi_iscsiInterface
ISCSI_portals,podspec_volumes_iscsi_portals,deploymentspec_template_spec_volumes_iscsi_portals
ISCSI_PORTALS_portal,podspec_volumes_iscsi_portals_portal,deploymentspec_template_spec_volumes_iscsi_portals_portal
ISCSI_readOnly,podspec_volumes_iscsi_readOnly,deploymentspec_template_spec_volumes_iscsi_readOnly
ISCSI_secretRef,podspec_volumes_iscsi_secretRef,deploymentspec_template_spec_volumes_iscsi_secretRef
ISCSI_SECRETREF_name,podspec_volumes_iscsi_secretRef_name,deploymentspec_template_spec_volumes_iscsi_secretRef_name
photonPersistentDisk,podspec_volumes_photonPersistentDisk,deploymentspec_template_spec_volumes_photonPersistentDisk
PHOTONPERSISTENTDISK_pdID,podspec_volumes_photonPersistentDisk_pdID,deploymentspec_template_spec_volumes_photonPersistentDisk_pdID
PHOTONPERSISTENTDISK_fsType,podspec_volumes_photonPersistentDisk_fsType,deploymentspec_template_spec_volumes_photonPersistentDisk_fsType
projected,podspec_volumes_projected,deploymentspec_template_spec_volumes_projected
PROJECTED_defaultmode,podspec_volumes_projected_defaultMode,deploymentspec_template_spec_volumes_projected_defaultMode
PROJECTED_sources,podspec_volumes_projected_sources,deploymentspec_template_spec_volumes_projected_sources
PROJECTED_SOURCES_clusterTrustBundle,podspec_volumes_projected_sources_clusterTrustBundle,deploymentspec_template_spec_volumes_projected_sources_clusterTrustBundle
PROJECTED_SOURCES_configMap,podspec_volumes_projected_sources_configMap,deploymentspec_template_spec_volumes_projected_sources_configMap
PROJECTED_SOURCES_downwardAPI,podspec_volumes_projected_sources_downwardAPI,deploymentspec_template_spec_volumes_projected_sources_downwardAPI
PROJECTED_SOURCES_secret,podspec_volumes_projected_sources_secret,deploymentspec_template_spec_volumes_projected_sources_secret
PROJECTED_SOURCES_serviceAccountToken,podspec_volumes_projected_sources_serviceAccountToken,deploymentspec_template_spec_volumes_projected_sources_serviceAccountToken
quobyte,podspec_volumes_quobyte,deploymentspec_template_spec_volumes_quobyte
QUOBYTE_volume,podspec_volumes_quobyte_volume,deploymentspec_template_spec_volumes_quobyte_volume
QUOBYTE_group,podspec_volumes_quobyte_group,deploymentspec_template_spec_volumes_quobyte_group
QUOBYTE_readOnly,podspec_volumes_quobyte_readOnly,deploymentspec_template_spec_volumes_quobyte_readOnly
QUOBYTE_registry,podspec_volumes_quobyte_registry,deploymentspec_template_spec_volumes_quobyte_registry
QUOBYTE_tenant,podspec_volumes_quobyte_tenant,deploymentspec_template_spec_volumes_quobyte_tenant
QUOBYTE_user,podspec_volumes_quobyte_user,deploymentspec_template_spec_volumes_quobyte_user
rbd,podspec_volumes_rbd,deploymentspec_template_spec_volumes_rbd
RBD_image,podspec_volumes_rbd_image,deploymentspec_template_spec_volumes_rbd_image
RBD_monitors,podspec_volumes_rbd_monitors,deploymentspec_template_spec_volumes_rbd_monitors
RBD_MONITORS_monitor,podspec_volumes_rbd_monitors_monitor,deploymentspec_template_spec_volumes_rbd_monitors_monitor
RBD_pool,podspec_volumes_rbd_pool,deploymentspec_template_spec_volumes_rbd_pool
RBD_fsType,podspec_volumes_rbd_fsType,deploymentspec_template_spec_volumes_rbd_fsType
RBD_readOnly,podspec_volumes_rbd_readOnly,deploymentspec_template_spec_volumes_rbd_readOnly
RBD_secretRef,podspec_volumes_rbd_secretRef,deploymentspec_template_spec_volumes_rbd_secretRef
RBD_SECRETREF_name,podspec_volumes_rbd_secretRef_name,deploymentspec_template_spec_volumes_rbd_secretRef_name
RBD_keyring,podspec_volumes_rbd_keyring,deploymentspec_template_spec_volumes_rbd_keyring
RBD_user,podspec_volumes_rbd_user,deploymentspec_template_spec_volumes_rbd_user
scaleIO,podspec_volumes_scaleIO,deploymentspec_template_spec_volumes_scaleIO
SCALEIO_gateway,podspec_volumes_scaleIO_gateway,deploymentspec_template_spec_volumes_scaleIO_gateway
SCALEIO_volumeName,podspec_volumes_scaleIO_volumeName,deploymentspec_template_spec_volumes_scaleIO_volumeName
SCALEIO_system,podspec_volumes_scaleIO_system,deploymentspec_template_spec_volumes_scaleIO_system
SCALEIO_protectionDomain,podspec_volumes_scaleIO_protectionDomain,deploymentspec_template_spec_volumes_scaleIO_protectionDomain
SCALEIO_fsType,podspec_volumes_scaleIO_fsType,deploymentspec_template_spec_volumes_scaleIO_fsType
SCALEIO_readOnly,podspec_volumes_scaleIO_readOnly,deploymentspec_template_spec_volumes_scaleIO_readOnly
SCALEIO_secretRef,podspec_volumes_scaleIO_secretRef,deploymentspec_template_spec_volumes_scaleIO_secretRef
SCALEIO_SECRETREF_name,podspec_volumes_scaleIO_secretRef_name,deploymentspec_template_spec_volumes_scaleIO_secretRef_name
SCALEIO_sslEnabled,podspec_volumes_scaleIO_sslEnabled,deploymentspec_template_spec_volumes_scaleIO_sslEnabled
SCALEIO_storageMode,podspec_volumes_scaleIO_storageMode,deploymentspec_template_spec_volumes_scaleIO_storageMode
SCALEIO_STORAGEMODE_thickProvisioned,podspec_volumes_scaleIO_storageMode_thickProvisioned,deploymentspec_template_spec_volumes_scaleIO_storageMode_thickProvisioned
SCALEIO_STORAGEMODE_thinProvisioned,podspec_volumes_scaleIO_storageMode_thinProvisioned,deploymentspec_template_spec_volumes_scaleIO_storageMode_thinProvisioned
storageos,podspec_volumes_storageos,deploymentspec_template_spec_volumes_storageos
STORAGEOS_volumeName,podspec_volumes_storageos_volumeName,deploymentspec_template_spec_volumes_storageos_volumeName
STORAGEOS_fsType,podspec_volumes_storageos_fsType,deploymentspec_template_spec_volumes_storageos_fsType
STORAGEOS_readOnly,podspec_volumes_storageos_readOnly,deploymentspec_template_spec_volumes_storageos_readOnly
STORAGEOS_secretRef,podspec_volumes_storageos_secretRef,deploymentspec_template_spec_volumes_storageos_secretRef
STORAGEOS_SECRETREF_name,podspec_volumes_storageos_secretRef_name,deploymentspec_template_spec_volumes_storageos_secretRef_name
ServiceSpec,servicespec,-
SERVICESPEC_allocateLoadBalancerNodePorts,servicespec_allocateLoadBalancerNodePorts,-
SERVICESPEC_clusterIP,servicespec_clusterIP,-
CLUSTERIP_emptyString,-,-
CLUSTERIP_none,-,-
CLUSTERIP_IP,-,-
SERVICESPEC_clusterIPs,servicespec_clusterIPs,-
CLUSTERIPS_emptyString,-,-
CLUSTERIPS_none,-,-
CLUSTERIPS_IPs,-,-
SERVICESPEC_externalIPs,servicespec_externalIPs,-
SERVICESPEC_EXTERNALIPS_ip,-,-
SERVICESPEC_externalName,servicespec_externalName,-
SERVICESPEC_externalTrafficPolicy,servicespec_externalTrafficPolicy,-
EXTERNALTRAFFICPOLICY_Local,-,-
EXTERNALTRAFFICPOLICY_Cluster,-,-
SERVICESPEC_healthCheckNodePort,servicespec_healthCheckNodePort,-
SERVICESPEC_internalTrafficPolicy,servicespec_internalTrafficPolicy,-
INTERNALTRAFFICPOLICY_Local,-,-
INTERNALTRAFFICPOLICY_Cluster,-,-
SERVICESPEC_ipFamilies,servicespec_ipFamilies,-
IPFAMILIES_IPv4,servicespec_ipFamilies_IPv4,-
IPFAMILIES_IPv6,servicespec_ipFamilies_IPv6,-
SERVICESPEC_ipFamilyPolicy,servicespec_ipFamilyPolicy,-
SingleStack,-,-
PreferDualStack,-,-
RequireDualStack,-,-
SERVICESPEC_loadBalancerClass,servicespec_loadBalancerClass,-
SERVICESPEC_Ports,servicespec_ports,-
SERVICESPEC_PORTS_port,servicespec_ports_port,-
SERVICESPEC_PORTS_name,servicespec_ports_name,-
SERVICESPEC_PORTS_protocol,servicespec_ports_protocol,-
PORTS_PROTOCOL_tcp,-,-
PORTS_PROTOCOL_udp,-,-
PORTS_PROTOCOL_sctp,-,-
SERVICESPEC_PORTS_nodePort,servicespec_ports_nodePort,-
SERVICESPEC_PORTS_targetPort,servicespec_ports_targetPort,-
SERVICESPEC_PORTS_appProtocol,servicespec_ports_appProtocol,-
SERVICESPEC_publishNotReadyAddresses,servicespec_publishNotReadyAddresses,-
SERVICESPEC_Selector,servicespec_selector,-
SELECTOR_key,-,-
SELECTOR_value,-,-
SERVICESPEC_sessionAffinity,servicespec_sessionAffinity,-
SESSIONAFFINITY_clientIP,-,-
SESSIONAFFINITY_none,-,-
SERVICESPEC_sessionAffinityConfig,servicespec_sessionAffinityConfig,-
CLIENTIP_timeoutSeconds,servicespec_sessionAffinityConfig_timeoutSeconds,-
SERVICESPEC_trafficDistribution,servicespec_trafficDistribution,-
SERVICESPEC_Type,servicespec_type,-
TYPE_ExternalName,-,-
TYPE_ClusterIP,-,-
TYPE_NodePort,-,-
TYPE_LoadBalancer,-,-
CustomResourceDefinitionSpec,customresourcedefinitioncspec,-
CUSTOMRESOURCEDEFINITIONSPEC_conversion,customresourcedefinitionspec_conversion,-
CUSTOMRESOURCEDEFINITIONSPEC_group,customresourcedefinitionspec_group, 
CUSTOMRESOURCEDEFINITIONSPEC_names,customresourcedefinitionspec_names,-
CUSTOMRESOURCEDEFINITIONSPEC_scope,customresourcedefinitionspec_scope,-
CUSTOMRESOURCEDEFINITIONSPEC_SCOPE_Cluster,customresourcedefinitionspec_scope_Cluster,-
CUSTOMRESOURCEDEFINITIONSPEC_SCOPE_Namespaced,customresourcedefinitionspec_scope_Namespaced,-
CUSTOMRESOURCEDEFINITIONSPEC_versions,customresourcedefinitionspec_versions,-
VERSIONS_name,customresourcedefinitionspec_versions_name,- 
VERSIONS_served,customresourcedefinitionspec_versions_served,-
VERSIONS_storage,customresourcedefinitionspec_versions_storage,-
VERSIONS_subresources,customresourcedefinitionspec_versions_subresources,-
SUBRESOURCES_status,customresourcedefinitionspec_versions_subresources_status,-
SUBRESOURCES_scale,customresourcedefinitionspec_versions_subresources_scale,-
VERSIONS_schema,customresourcedefinitionspec_versions_schema,-
SCHEMA_openAPIV3Schema,customresourcedefinitionspec_versions_schema_openAPIV3Schema,-
OPENAPIV3SCHEMA_type,customresourcedefinitionspec_versions_schema_openAPIV3Schema_type,- 
OPENAPIV3SCHEMA_properties,customresourcedefinitionspec_versions_schema_openAPIV3Schema_properties, -
OPENAPIV3SCHEMA_description,customresourcedefinitionspec_versions_schema_openAPIV3Schema_description,- 
OPENAPIV3SCHEMA_required,customresourcedefinitionspec_versions_schema_openAPIV3Schema_required,- 
VERSIONS_additionalPrinterColumns,customresourcedefinitionspec_versions_additionalPrinterColumns,-
ADDITIONALPRINTERCOLUMNS_name,customresourcedefinitionspec_versions_additionalPrinterColumns_name,-
ADDITIONALPRINTERCOLUMNS_type,customresourcedefinitionspec_versions_additionalPrinterColumns_type,- 
ADDITIONALPRINTERCOLUMNS_JSONPath,customresourcedefinitionspec_versions_additionalPrinterColumns_JSONPath,-
ADDITIONALPRINTERCOLUMNS_description,customresourcedefinitionspec_versions_additionalPrinterColumns_description,-
ADDITIONALPRINTERCOLUMNS_priority,customresourcedefinitionspec_versions_additionalPrinterColumnsS_priority,-
ADDITIONALPRINTERCOLUMNS_format,customresourcedefinitionspec_versions_additionalPrinterColumns_format,-
immutable,immutable,-
binaryData,binaryData,-
BINARYDATA_binaryFile_name,,-
BINARYDATA_binaryFile_value,-,-
data,data,-
DATA_confSimple,-,-
CONFSIMPLE_key,-,-
CONFSIMPLE_value,-,-
DATA_confFile,-,-
CONFFILE_name,-,-
CONFFILE_value,-,-
subsets,subsets,-
SUBSETS_addresses,subsets_addresses,-
SUBSETS_notReadyAddresses,subsets_notReadyAddresses,-
SUBSETS_ports,subsets_ports,-
ADDRESSES_hostname,subsets_addresses_hostname,-
ADDRESSES_ip,subsets_addresses_ip,-
ADDRESSES_nodename,subsets_addresses_nodename,-
ADDRESSES_targetRef,subsets_addresses_targetRef,-
ADDRESSES_TARGETREF_apiVersion,subsets_addresses_targetRef_apiVersion,-
ADDRESSES_TARGETREF_fieldPath,subsets_addresses_targetRef_fieldPath,-
ADDRESSES_TARGETREF_kind,subsets_addresses_targetRef_kind,-
ADDRESSES_TARGETREF_name,subsets_addresses_targetRef_name,-
ADDRESSES_TARGETREF_namespace,subsets_addresses_targetRef_namespace,-
ADDRESSES_TARGETREF_resourceVersion,subsets_addresses_targetRef_resourceVersion,-
ADDRESSES_TARGETREF_uid,subsets_addresses_targetRef_uid,-
SUBSETS_notReadyAddresses,subsets_notReadyAddresses,-
NOTREADYADDRESSES_hostname,subsets_notReadyAddresses_hostname,-
NOTREADYADDRESSES_ip,subsets_notReadyAddresses_ip,-
NOTREADYADDRESSES_nodename,subsets_notReadyAddresses_nodename,-
NOTREADYADDRESSES_targetRef,subsets_notReadyAddresses_targetRef,-
NOTREADYADDRESSES_TARGETREF_apiVersion,subsets_notReadyAddresses_targetRef_apiVersion,-
NOTREADYADDRESSES_TARGETREF_fieldPath,subsets_notReadyAddresses_targetRef_fieldPath,-
NOTREADYADDRESSES_TARGETREF_kind,subsets_notReadyAddresses_targetRef_kind,-
NOTREADYADDRESSES_TARGETREF_name,subsets_notReadyAddresses_targetRef_name,-
NOTREADYADDRESSES_TARGETREF_namespace,subsets_notReadyAddresses_targetRef_namespace,-
NOTREADYADDRESSES_TARGETREF_resourceVersion,subsets_notReadyAddresses_targetRef_resourceVersion,-
NOTREADYADDRESSES_TARGETREF_uid,subsets_notReadyAddresses_targetRef_uid,-
SUBSETS_PORTS_port,subsets_ports_port,-
SUBSETS_PORTS_name,subsets_ports_name,-
SUBSETS_PORTS_protocol,subsets_ports_protocol,-
SUBSETS_PORTS_UDP,-,-
SUBSETS_PORTS_TCP,-,-
SUBSETS_PORTS_SCTP,-,
rules,rules,-
RULES_apiGroups,rules_apiGroups,-
RULES_APIGROUPS_value,-,-
RULES_resources,rules_resources,-
RULES_RESOURCES_value,-,-
RULES_nonResourceURLs,rules_nonResourceURLs,-
RULES_NONRESOURCEURLS_value,-,-
RULES_resourceNames,rules_resourceNames,-
RULES_RESOURCENAMES_value,-,-
RULES_verbs,rules_verbs,-
RULES_VERBS_value,-,-
type,type,-
stringData,stringData,-
STRINGDATA_key,-,-
STRINGDATA_value,-,-